USE empresa_prueba_ud3



SET IDENTITY_INSERT [dbo].[ACCOUNT] ON 
INSERT [dbo].[ACCOUNT] ([ACCOUNTNO], [AMOUNT]) VALUES (22, 3003280.0000)
INSERT [dbo].[ACCOUNT] ([ACCOUNTNO], [AMOUNT]) VALUES (23, 1700.0000)
INSERT [dbo].[ACCOUNT] ([ACCOUNTNO], [AMOUNT]) VALUES (24, 1000.5375)
INSERT [dbo].[ACCOUNT] ([ACCOUNTNO], [AMOUNT]) VALUES (25, 1172.0000)
INSERT [dbo].[ACCOUNT] ([ACCOUNTNO], [AMOUNT]) VALUES (26, 1002.5000)
INSERT [dbo].[ACCOUNT] ([ACCOUNTNO], [AMOUNT]) VALUES (27, 1000.0000)
INSERT [dbo].[ACCOUNT] ([ACCOUNTNO], [AMOUNT]) VALUES (28, 1600.0000)
INSERT [dbo].[ACCOUNT] ([ACCOUNTNO], [AMOUNT]) VALUES (29, 1000.0000)
INSERT [dbo].[ACCOUNT] ([ACCOUNTNO], [AMOUNT]) VALUES (30, 1000.0000)
INSERT [dbo].[ACCOUNT] ([ACCOUNTNO], [AMOUNT]) VALUES (31, 1000.0000)
INSERT [dbo].[ACCOUNT] ([ACCOUNTNO], [AMOUNT]) VALUES (32, 1000.0000)
INSERT [dbo].[ACCOUNT] ([ACCOUNTNO], [AMOUNT]) VALUES (33, 1000.0000)
INSERT [dbo].[ACCOUNT] ([ACCOUNTNO], [AMOUNT]) VALUES (34, 1000.0000)
INSERT [dbo].[ACCOUNT] ([ACCOUNTNO], [AMOUNT]) VALUES (35, 1000.0000)
INSERT [dbo].[ACCOUNT] ([ACCOUNTNO], [AMOUNT]) VALUES (36, 1000.0000)
INSERT [dbo].[ACCOUNT] ([ACCOUNTNO], [AMOUNT]) VALUES (37, 1000.0000)
INSERT [dbo].[ACCOUNT] ([ACCOUNTNO], [AMOUNT]) VALUES (38, 1000.0000)
INSERT [dbo].[ACCOUNT] ([ACCOUNTNO], [AMOUNT]) VALUES (39, 1000.0000)
INSERT [dbo].[ACCOUNT] ([ACCOUNTNO], [AMOUNT]) VALUES (40, 1000.0000)
INSERT [dbo].[ACCOUNT] ([ACCOUNTNO], [AMOUNT]) VALUES (41, 1000.0000)
INSERT [dbo].[ACCOUNT] ([ACCOUNTNO], [AMOUNT]) VALUES (43, 500.0000)
INSERT [dbo].[ACCOUNT] ([ACCOUNTNO], [AMOUNT]) VALUES (1045, 3000.0000)
INSERT [dbo].[ACCOUNT] ([ACCOUNTNO], [AMOUNT]) VALUES (3043, 200.0000)
INSERT [dbo].[ACCOUNT] ([ACCOUNTNO], [AMOUNT]) VALUES (3044, 150.0000)
INSERT [dbo].[ACCOUNT] ([ACCOUNTNO], [AMOUNT]) VALUES (3047, 155.0000)
INSERT [dbo].[ACCOUNT] ([ACCOUNTNO], [AMOUNT]) VALUES (4044, 1500.0000)
INSERT [dbo].[ACCOUNT] ([ACCOUNTNO], [AMOUNT]) VALUES (4045, 1000.0000)
INSERT [dbo].[ACCOUNT] ([ACCOUNTNO], [AMOUNT]) VALUES (4046, 45.0000)
INSERT [dbo].[ACCOUNT] ([ACCOUNTNO], [AMOUNT]) VALUES (4047, 800.0000)
SET IDENTITY_INSERT [dbo].[ACCOUNT] OFF


SET IDENTITY_INSERT [dbo].[ACC_MOVEMENT] ON 

INSERT [dbo].[ACC_MOVEMENT] ([ACCOUNT_MOV_ID], [ACCOUNT_ORIGIN_ID], [ACCOUNT_DEST_ID], [AMOUNT], [DATETIME]) VALUES (3, 22, 23, 300.0000, CAST(N'2022-12-08T13:13:03.803' AS DateTime))
INSERT [dbo].[ACC_MOVEMENT] ([ACCOUNT_MOV_ID], [ACCOUNT_ORIGIN_ID], [ACCOUNT_DEST_ID], [AMOUNT], [DATETIME]) VALUES (4, 22, 23, 15.0000, CAST(N'2022-12-08T13:14:53.650' AS DateTime))
INSERT [dbo].[ACC_MOVEMENT] ([ACCOUNT_MOV_ID], [ACCOUNT_ORIGIN_ID], [ACCOUNT_DEST_ID], [AMOUNT], [DATETIME]) VALUES (5, 23, 22, 685.0000, CAST(N'2022-12-11T12:13:06.087' AS DateTime))
INSERT [dbo].[ACC_MOVEMENT] ([ACCOUNT_MOV_ID], [ACCOUNT_ORIGIN_ID], [ACCOUNT_DEST_ID], [AMOUNT], [DATETIME]) VALUES (6, 23, 22, 3003709.9900, CAST(N'2022-12-11T12:14:00.927' AS DateTime))
INSERT [dbo].[ACC_MOVEMENT] ([ACCOUNT_MOV_ID], [ACCOUNT_ORIGIN_ID], [ACCOUNT_DEST_ID], [AMOUNT], [DATETIME]) VALUES (8, 22, 23, 900.0000, CAST(N'2022-12-11T12:55:34.150' AS DateTime))
INSERT [dbo].[ACC_MOVEMENT] ([ACCOUNT_MOV_ID], [ACCOUNT_ORIGIN_ID], [ACCOUNT_DEST_ID], [AMOUNT], [DATETIME]) VALUES (9, 22, 23, 900.0000, CAST(N'2022-12-11T12:57:15.800' AS DateTime))
INSERT [dbo].[ACC_MOVEMENT] ([ACCOUNT_MOV_ID], [ACCOUNT_ORIGIN_ID], [ACCOUNT_DEST_ID], [AMOUNT], [DATETIME]) VALUES (1010, 23, 24, 100.0000, CAST(N'2023-02-14T13:45:55.733' AS DateTime))
INSERT [dbo].[ACC_MOVEMENT] ([ACCOUNT_MOV_ID], [ACCOUNT_ORIGIN_ID], [ACCOUNT_DEST_ID], [AMOUNT], [DATETIME]) VALUES (1011, 23, 24, 100.0000, CAST(N'2023-02-14T13:51:12.783' AS DateTime))
INSERT [dbo].[ACC_MOVEMENT] ([ACCOUNT_MOV_ID], [ACCOUNT_ORIGIN_ID], [ACCOUNT_DEST_ID], [AMOUNT], [DATETIME]) VALUES (1012, 23, 24, 200.0000, CAST(N'2023-02-14T14:19:20.127' AS DateTime))
INSERT [dbo].[ACC_MOVEMENT] ([ACCOUNT_MOV_ID], [ACCOUNT_ORIGIN_ID], [ACCOUNT_DEST_ID], [AMOUNT], [DATETIME]) VALUES (1013, 24, 23, 233.0000, CAST(N'2023-02-14T14:33:41.050' AS DateTime))
INSERT [dbo].[ACC_MOVEMENT] ([ACCOUNT_MOV_ID], [ACCOUNT_ORIGIN_ID], [ACCOUNT_DEST_ID], [AMOUNT], [DATETIME]) VALUES (1014, 24, 23, 1000.0000, CAST(N'2023-02-14T17:04:53.747' AS DateTime))
INSERT [dbo].[ACC_MOVEMENT] ([ACCOUNT_MOV_ID], [ACCOUNT_ORIGIN_ID], [ACCOUNT_DEST_ID], [AMOUNT], [DATETIME]) VALUES (2010, 23, 24, 533.4950, CAST(N'2023-02-20T10:48:18.847' AS DateTime))
INSERT [dbo].[ACC_MOVEMENT] ([ACCOUNT_MOV_ID], [ACCOUNT_ORIGIN_ID], [ACCOUNT_DEST_ID], [AMOUNT], [DATETIME]) VALUES (4010, 3043, 3043, -1300.0000, CAST(N'2023-03-16T18:06:15.763' AS DateTime))
INSERT [dbo].[ACC_MOVEMENT] ([ACCOUNT_MOV_ID], [ACCOUNT_ORIGIN_ID], [ACCOUNT_DEST_ID], [AMOUNT], [DATETIME]) VALUES (4011, 3044, 3044, 150.0000, CAST(N'2023-03-16T18:15:32.277' AS DateTime))
INSERT [dbo].[ACC_MOVEMENT] ([ACCOUNT_MOV_ID], [ACCOUNT_ORIGIN_ID], [ACCOUNT_DEST_ID], [AMOUNT], [DATETIME]) VALUES (5011, 4045, 4045, -500.0000, CAST(N'2023-03-19T12:16:13.120' AS DateTime))
INSERT [dbo].[ACC_MOVEMENT] ([ACCOUNT_MOV_ID], [ACCOUNT_ORIGIN_ID], [ACCOUNT_DEST_ID], [AMOUNT], [DATETIME]) VALUES (5012, 4046, 4046, -55.0000, CAST(N'2023-03-19T12:17:32.570' AS DateTime))
INSERT [dbo].[ACC_MOVEMENT] ([ACCOUNT_MOV_ID], [ACCOUNT_ORIGIN_ID], [ACCOUNT_DEST_ID], [AMOUNT], [DATETIME]) VALUES (5013, 4047, 4047, -800.0000, CAST(N'2023-03-19T12:20:32.180' AS DateTime))
SET IDENTITY_INSERT [dbo].[ACC_MOVEMENT] OFF

SET IDENTITY_INSERT [dbo].[DEPARTMENT] ON 
INSERT [dbo].[DEPARTMENT] ([DEPTNO], [DNAME], [LOC]) VALUES (10, N'ACCOUNTING', N'NEW YORK')
INSERT [dbo].[DEPARTMENT] ([DEPTNO], [DNAME], [LOC]) VALUES (20, N'RESEARCH', N'DALLAS')
INSERT [dbo].[DEPARTMENT] ([DEPTNO], [DNAME], [LOC]) VALUES (30, N'SALES', N'CHICAGO')
INSERT [dbo].[DEPARTMENT] ([DEPTNO], [DNAME], [LOC]) VALUES (40, N'OPERACIONES 2', N'BOSTON')
INSERT [dbo].[DEPARTMENT] ([DEPTNO], [DNAME], [LOC]) VALUES (41, N'OPERATIONS', N'BOSTON')
INSERT [dbo].[DEPARTMENT] ([DEPTNO], [DNAME], [LOC]) VALUES (42, N'OPERATIONS', N'BOSTON')
INSERT [dbo].[DEPARTMENT] ([DEPTNO], [DNAME], [LOC]) VALUES (43, N'RRHH2', N'Lugo')
INSERT [dbo].[DEPARTMENT] ([DEPTNO], [DNAME], [LOC]) VALUES (44, N'RRHH', N'A Coruña')
INSERT [dbo].[DEPARTMENT] ([DEPTNO], [DNAME], [LOC]) VALUES (45, N'RRHH', N'Lugo')
INSERT [dbo].[DEPARTMENT] ([DEPTNO], [DNAME], [LOC]) VALUES (46, N'Human Resources', N'Oviedo')
INSERT [dbo].[DEPARTMENT] ([DEPTNO], [DNAME], [LOC]) VALUES (48, N'RRHH', N'BCN')
INSERT [dbo].[DEPARTMENT] ([DEPTNO], [DNAME], [LOC]) VALUES (49, N'RRHH', N'BCN')
INSERT [dbo].[DEPARTMENT] ([DEPTNO], [DNAME], [LOC]) VALUES (1048, N'b 1048  17:24', N'b 1048  17:24')
INSERT [dbo].[DEPARTMENT] ([DEPTNO], [DNAME], [LOC]) VALUES (1052, N'RRHH modificado 49', N'old BCN')
INSERT [dbo].[DEPARTMENT] ([DEPTNO], [DNAME], [LOC]) VALUES (1053, N'b 1048', N'a 1048')
INSERT [dbo].[DEPARTMENT] ([DEPTNO], [DNAME], [LOC]) VALUES (1054, N'b 1048 (2)', N'a 1048 (2)')
INSERT [dbo].[DEPARTMENT] ([DEPTNO], [DNAME], [LOC]) VALUES (1055, N'b2 1048', N'a2 1048')
INSERT [dbo].[DEPARTMENT] ([DEPTNO], [DNAME], [LOC]) VALUES (1056, N'info', N'Vigo')
SET IDENTITY_INSERT [dbo].[DEPARTMENT] OFF

SET IDENTITY_INSERT [dbo].[EMPLOYEE] ON 
INSERT [dbo].[EMPLOYEE] ([EMPLOYEENO], [ENAME], [JOB], [MGR], [HIREDATE], [SAL], [COMM], [DEPARTMENTNO]) VALUES (7369, N'SMITH', N'CLERK', 7902, CAST(N'1980-12-17' AS Date), 800.0000, 350.0000, 20)
INSERT [dbo].[EMPLOYEE] ([EMPLOYEENO], [ENAME], [JOB], [MGR], [HIREDATE], [SAL], [COMM], [DEPARTMENTNO]) VALUES (7499, N'ALLEN', N'SALESMAN', 7698, CAST(N'1981-02-20' AS Date), 1600.0000, 79.8295, 30)
INSERT [dbo].[EMPLOYEE] ([EMPLOYEENO], [ENAME], [JOB], [MGR], [HIREDATE], [SAL], [COMM], [DEPARTMENTNO]) VALUES (7521, N'WARD', N'SALESMAN', 7698, CAST(N'1981-02-20' AS Date), 1250.0000, 22.5375, 30)
INSERT [dbo].[EMPLOYEE] ([EMPLOYEENO], [ENAME], [JOB], [MGR], [HIREDATE], [SAL], [COMM], [DEPARTMENTNO]) VALUES (7566, N'JONES', N'MANAGER', 7839, CAST(N'1981-04-02' AS Date), 2975.0000, 50.0000, 20)
INSERT [dbo].[EMPLOYEE] ([EMPLOYEENO], [ENAME], [JOB], [MGR], [HIREDATE], [SAL], [COMM], [DEPARTMENTNO]) VALUES (7654, N'MARTIN', N'SALESMAN', 7698, CAST(N'1981-09-28' AS Date), 1250.0000, 2.5000, 30)
INSERT [dbo].[EMPLOYEE] ([EMPLOYEENO], [ENAME], [JOB], [MGR], [HIREDATE], [SAL], [COMM], [DEPARTMENTNO]) VALUES (7698, N'BLAKE', N'MANAGER', 7839, CAST(N'1981-05-01' AS Date), 2850.0000, 0.0000, 30)
INSERT [dbo].[EMPLOYEE] ([EMPLOYEENO], [ENAME], [JOB], [MGR], [HIREDATE], [SAL], [COMM], [DEPARTMENTNO]) VALUES (7782, N'CLARK', N'MANAGER', 7839, CAST(N'1981-06-09' AS Date), 2450.0000, 0.0000, 10)
INSERT [dbo].[EMPLOYEE] ([EMPLOYEENO], [ENAME], [JOB], [MGR], [HIREDATE], [SAL], [COMM], [DEPARTMENTNO]) VALUES (7788, N'SCOTT', N'ANALYST', 7566, CAST(N'1982-12-09' AS Date), 3000.0000, 0.0000, 20)
INSERT [dbo].[EMPLOYEE] ([EMPLOYEENO], [ENAME], [JOB], [MGR], [HIREDATE], [SAL], [COMM], [DEPARTMENTNO]) VALUES (7839, N'KING', N'PRESIDENT', NULL, CAST(N'1981-11-17' AS Date), 3750.0000, 0.0000, 10)
INSERT [dbo].[EMPLOYEE] ([EMPLOYEENO], [ENAME], [JOB], [MGR], [HIREDATE], [SAL], [COMM], [DEPARTMENTNO]) VALUES (7844, N'TURNER', N'SALESMAN', 7698, CAST(N'1981-09-08' AS Date), 1500.0000, 0.0000, 30)
INSERT [dbo].[EMPLOYEE] ([EMPLOYEENO], [ENAME], [JOB], [MGR], [HIREDATE], [SAL], [COMM], [DEPARTMENTNO]) VALUES (7876, N'ADAMS', N'CLERK', 7788, CAST(N'1983-01-12' AS Date), 1100.0000, 0.0000, 20)
INSERT [dbo].[EMPLOYEE] ([EMPLOYEENO], [ENAME], [JOB], [MGR], [HIREDATE], [SAL], [COMM], [DEPARTMENTNO]) VALUES (7900, N'JAMES', N'CLERK', 7698, CAST(N'1981-12-03' AS Date), 950.0000, 0.0000, 30)
INSERT [dbo].[EMPLOYEE] ([EMPLOYEENO], [ENAME], [JOB], [MGR], [HIREDATE], [SAL], [COMM], [DEPARTMENTNO]) VALUES (7902, N'FORD', N'ANALYST', 7566, CAST(N'1981-12-03' AS Date), 3000.0000, 0.0000, 20)
INSERT [dbo].[EMPLOYEE] ([EMPLOYEENO], [ENAME], [JOB], [MGR], [HIREDATE], [SAL], [COMM], [DEPARTMENTNO]) VALUES (7934, N'MILLER', N'CLERK', 7782, CAST(N'1982-01-23' AS Date), 1300.0000, 0.0000, 10)
INSERT [dbo].[EMPLOYEE] ([EMPLOYEENO], [ENAME], [JOB], [MGR], [HIREDATE], [SAL], [COMM], [DEPARTMENTNO]) VALUES (7938, N'Pepe', N'Comercial', 7698, CAST(N'2022-11-22' AS Date), 30000.0000, 0.0000, 40)
INSERT [dbo].[EMPLOYEE] ([EMPLOYEENO], [ENAME], [JOB], [MGR], [HIREDATE], [SAL], [COMM], [DEPARTMENTNO]) VALUES (7939, N'Pepe', N'Comercial', 7698, CAST(N'2022-11-22' AS Date), 30000.0000, 0.0000, 40)
INSERT [dbo].[EMPLOYEE] ([EMPLOYEENO], [ENAME], [JOB], [MGR], [HIREDATE], [SAL], [COMM], [DEPARTMENTNO]) VALUES (7940, N'Pepe', N'Comercial', 7698, CAST(N'2022-11-22' AS Date), 30000.0000, 0.0000, 40)
INSERT [dbo].[EMPLOYEE] ([EMPLOYEENO], [ENAME], [JOB], [MGR], [HIREDATE], [SAL], [COMM], [DEPARTMENTNO]) VALUES (7941, N'Pepe', N'Comercial', 7698, CAST(N'2022-11-22' AS Date), 30000.0000, 0.0000, 40)
INSERT [dbo].[EMPLOYEE] ([EMPLOYEENO], [ENAME], [JOB], [MGR], [HIREDATE], [SAL], [COMM], [DEPARTMENTNO]) VALUES (7942, N'Pepe', N'Comercial', 7698, CAST(N'2022-11-22' AS Date), 30000.0000, 0.0000, 40)
INSERT [dbo].[EMPLOYEE] ([EMPLOYEENO], [ENAME], [JOB], [MGR], [HIREDATE], [SAL], [COMM], [DEPARTMENTNO]) VALUES (7943, N'Pepe', N'Comercial', 7499, CAST(N'2022-10-01' AS Date), 30000.0000, 0.0000, 30)
INSERT [dbo].[EMPLOYEE] ([EMPLOYEENO], [ENAME], [JOB], [MGR], [HIREDATE], [SAL], [COMM], [DEPARTMENTNO]) VALUES (7944, N'Pepe', N'Comercial', 7499, CAST(N'2022-10-01' AS Date), 30000.0000, 0.0000, 30)
INSERT [dbo].[EMPLOYEE] ([EMPLOYEENO], [ENAME], [JOB], [MGR], [HIREDATE], [SAL], [COMM], [DEPARTMENTNO]) VALUES (7945, N'María', NULL, NULL, NULL, NULL, NULL, 48)
INSERT [dbo].[EMPLOYEE] ([EMPLOYEENO], [ENAME], [JOB], [MGR], [HIREDATE], [SAL], [COMM], [DEPARTMENTNO]) VALUES (7946, N'María', NULL, NULL, NULL, NULL, NULL, 48)
INSERT [dbo].[EMPLOYEE] ([EMPLOYEENO], [ENAME], [JOB], [MGR], [HIREDATE], [SAL], [COMM], [DEPARTMENTNO]) VALUES (7947, N'María', NULL, NULL, CAST(N'2022-01-01' AS Date), NULL, NULL, 48)
INSERT [dbo].[EMPLOYEE] ([EMPLOYEENO], [ENAME], [JOB], [MGR], [HIREDATE], [SAL], [COMM], [DEPARTMENTNO]) VALUES (8945, N'Juan Ramón', N'Comercial', NULL, CAST(N'1985-10-26' AS Date), 40000.0000, 0.1500, 45)
INSERT [dbo].[EMPLOYEE] ([EMPLOYEENO], [ENAME], [JOB], [MGR], [HIREDATE], [SAL], [COMM], [DEPARTMENTNO]) VALUES (8946, N'Juan Ramón', N'Comercial', NULL, CAST(N'1985-10-26' AS Date), 40000.0000, 0.1500, 45)
INSERT [dbo].[EMPLOYEE] ([EMPLOYEENO], [ENAME], [JOB], [MGR], [HIREDATE], [SAL], [COMM], [DEPARTMENTNO]) VALUES (9945, N'Juan Ramón', N'Comercial', NULL, CAST(N'1985-10-26' AS Date), 40000.0000, 0.1500, 45)
SET IDENTITY_INSERT [dbo].[EMPLOYEE] OFF


INSERT [dbo].[EMPLOYEE_ACCOUNT] ([EMPLOYEENO], [ACCOUNTNO]) VALUES (7369, 22)
INSERT [dbo].[EMPLOYEE_ACCOUNT] ([EMPLOYEENO], [ACCOUNTNO]) VALUES (7369, 23)
INSERT [dbo].[EMPLOYEE_ACCOUNT] ([EMPLOYEENO], [ACCOUNTNO]) VALUES (7369, 4045)
INSERT [dbo].[EMPLOYEE_ACCOUNT] ([EMPLOYEENO], [ACCOUNTNO]) VALUES (7369, 4046)
INSERT [dbo].[EMPLOYEE_ACCOUNT] ([EMPLOYEENO], [ACCOUNTNO]) VALUES (7369, 4047)
INSERT [dbo].[EMPLOYEE_ACCOUNT] ([EMPLOYEENO], [ACCOUNTNO]) VALUES (7499, 23)
INSERT [dbo].[EMPLOYEE_ACCOUNT] ([EMPLOYEENO], [ACCOUNTNO]) VALUES (7521, 24)
INSERT [dbo].[EMPLOYEE_ACCOUNT] ([EMPLOYEENO], [ACCOUNTNO]) VALUES (7566, 22)
INSERT [dbo].[EMPLOYEE_ACCOUNT] ([EMPLOYEENO], [ACCOUNTNO]) VALUES (7654, 22)
